"Participant.id","Sex","Age"
"5fbf90f025a567296d943c7e","Male","42"
"63f77a5dde1ea03305e119e0","Male","32"
"637fcee60a8378c1c3a65898","Male","52"
"636d6ce3fb3683ff33f9e514","Male","52"
"5af2a03697a14300017d2ba4","Male","51"
"60fe7bf61c7567f5cca9ade6","Male","29"
"5e283f576dbb560114ac7714","Male","46"
"62e02b1ed5b0fbc1b1dc09e7","Female","38"
"65dc99d0191a135ab835bf69","Male","32"
"5ba60abd9629a90001b36fdc","Male","52"
"67606cca6591f7023be55e8e","Male","45"
"5c9d88bb2b3c77001744ec1c","Male","39"
"5ecf9b46617a9b3dd56b3fe3","Male","79"
"590b3401182caf0001ab5801","Female","49"
"65c11389b0d2ba8e63cb8b22","Female","39"
"5d15160539eeea001683830c","Female","33"
"6620b6a209127dafd5b2dfb9","Male","37"
"56c65a5a305eaa0005f2a634","Female","56"
"62b1a5075f423b00f1d16e07","Male","31"
"59fb1518b47dfc0001b6659b","Male","32"
"5bcc98d1db645700015222b5","Male","58"
"6773e6e6b205d22a2e097735","Male","22"
"5e89ec793c01b3685a00bb12","Male","46"
"602c0fc2eff74b4748e9b41e","Male","35"
"60fac7ec133b6bf250d6d668","Male","24"
"61363ce02e6022a741d63a6e","Male","29"
"67d1757dde5c6b0a78a7715a","Male","34"
"639f294882a3797f77a3dd81","Male","54"
"5e459f61418f610891628564","Male","35"
"5dc483cf74939e34e55c3619","Male","75"
"5ebc0abd2cc5f1054c82a0d7","Male","44"
"67505c42a18c872bab88ed42","Male","46"
"66b37344796f45313433abc8","Male","21"
"62a1e021702679d27813a3e2","Male","47"
"5d23460ad4c57900192b129c","Female","38"
"632096b5574155e8727c50cc","Male","32"
"654bc148c95bca00d541ec33","Female","54"
"67673cda94b4d0cf1a6a7382","Female","57"
"5c4f5967aac8be0001716a65","Male","34"
"67758c9a30d6819221153393","Male","37"
"60ec54c58f88686dadb1a0c9","Male","35"
"66dcc0e54f44ccecf2730c76","Male","46"
"631d197eba06364cbea7fab2","Female","36"
"61656042f505fd7fa53e8628","Female","56"
"612adba08b8235b31539c704","Female","34"
"5bf2f728bd9f150001f6cc42","Male","59"
"5af1a4bc6e136b0001411714","Female","52"
"66fd3f6c93c24ecc119be354","Male","39"
"60ed501279c68ea1a313d0aa","Female","61"
"66e9236f775eae67be04229d","Female","33"
"5e3723a2c0b2896ad554be73","Female","48"
"66d9cd06e207a93377f7820e","Male","60"
"59a734ce0c87a000017481ed","Female","36"
"5f1b05a8703c380d1393bb27","Female","72"
"615e420a23219efe3427a367","Female","69"
"66b244a2f436437d3e109bbe","Male","28"
"6684497541f835bd67a199b2","Male","51"
"5eeddefa177a7322144cbc5e","Male","51"
"66cfab152c56aa0472529001","Male","45"
"63ee9abfa262bea95766dd9c","Female","73"
"5bbb5e3f118c0600013c3202","Female","39"
"5bf368846edd7200017136c7","Female","42"
"6571fd9d691befe21fa61d18","Male","55"
"66312361cf5d4099e1330532","Male","39"
"5c3bdbf548ad2900017fac31","Male","29"
"6722ea20fb84b196f0a649b6","Female","27"
"5ddce9f0f85b50c4fc1515a4","Male","35"
"6844a1b95271dfc560af4709","Female","25"
"5e121701dc79bd8a1a22ca99","Female","55"
"5962a5b29955ee00015bce98","Female","34"
"616ef680ab8ca318a227f5ec","Female","60"
"641384b3dffcf39ec42d3c23","Male","50"
"5e1b795dc799223a3b447ada","Male","24"
"59692d61355b45000106c592","Female","32"
"5dd05d80b2204f1487f7812c","Male","41"
"63d5b810f3dbbd11e7e65870","Female","32"
"6321d9c78e8e3c04f82a0ea0","Male","39"
"60f5df9db9380d875c320307","Male","61"
"67edf0b51b5bd671db6a9372","Male","54"
"66d1fdd400acfdbc181f41e0","Male","51"
"63b3377ca1ccdfc7cc567503","Male","63"
"67b636c4ea38855cbb08ffe3","Male","56"
"677419f93048c66d62d2bf87","Male","75"
"632d189d6b8f03d0d3db4c48","Male","34"
"6678813aec86d687a654dedb","Male","28"
"5c5cad3e4ee81200018eafe2","Female","75"
"6658bba1a51a037d25bb677e","Female","33"
"55cce6ea34e90600058d1e6d","Female","36"
"5bc5be2572df5f00014479f9","Male","61"
"67164c92298409e37c670b3d","Male","27"
"671a3ac3dada5efe6d439698","Female","34"
"6716c6700f376dc7f534af9d","Female","51"
"669053bbebafdd430e770142","Female","50"
"5de8887aa2db898017debf1a","Female","38"
"5f8f436e4676a71879786b95","Female","53"
"59d949cf8fd07a000184247e","Female","40"
"58404fd8ad98e40001ce915f","Female","52"
"676058418c08c71e4bb7cbd1","Female","20"
"574aff1b5bef980007af2745","Female","60"
"662945728093113a43ab8077","Female","50"
"58954e2dc88c680001dd4b7e","Male","60"
"6643d22289210a4edf21e84d","Female","27"
"5b757a03976ecb0001b1168f","Female","73"
"681b781064a5701a5ceee3bc","Female","54"
"676b89007874c8eace113276","Prefer not to say","25"
"6825af939111d286546fdde6","Female","42"
"682b3f63d0e2c4eff64fe664","Male","71"
"5d3695969749cc00165c222f","Male","30"
"647869e6f69318bacc341d53","Female","50"
"664521e03117b782ed4fff45","Male","47"
"5e7fa0e918b10804bb87eb63","Male","53"
"5f0db498f5e4e102c0f65b67","Female","21"
"6645ead2d999bda561f525ea","Male","22"
"6773dea609f77d473900997a","Female","32"
"60154af277ec314fd8fe1449","Female","28"
"60e3a25e8be835f754795d93","Female","24"
"66b5172c8f0bd3b23ce66c22","Female","28"
"5f356cbffb4cea5170d04fd9","CONSENT_REVOKED","CONSENT_REVOKED"
"669ccec35c9a0ab8c376a0ae","CONSENT_REVOKED","CONSENT_REVOKED"
"5f25419d6c25411a2b68ddd8","CONSENT_REVOKED","CONSENT_REVOKED"
"589f4b4b4d580c0001e0a155","CONSENT_REVOKED","CONSENT_REVOKED"
"598c4b28cceb0f0001b39675","CONSENT_REVOKED","CONSENT_REVOKED"
"6016f0e16f7aec8af4152aa4","CONSENT_REVOKED","CONSENT_REVOKED"
"6314c1e76c3f71e2127f1976","CONSENT_REVOKED","CONSENT_REVOKED"
"5f24b029e23a7c0bad4befd2","CONSENT_REVOKED","CONSENT_REVOKED"
"6824ca9431d5202089ce433d","CONSENT_REVOKED","CONSENT_REVOKED"
"5ed559e5afbd830e2117ed55","CONSENT_REVOKED","CONSENT_REVOKED"
"5e78e8c6593bf50831f704b8","CONSENT_REVOKED","CONSENT_REVOKED"
